Disease Symbol	Disease Name	Disease Synonym(s)	OMIM ID(s)	Description	Associated Genes(s)
DOID:0060358	multiple acyl-CoA dehydrogenase deficiency	MAD deficiency, MADD, electron transfer flavoprotein deficiency, electron transfer flavoprotein ubiquinone oxidoreductase deficiency, glutaric acidemia type 2, glutaric aciduria type 2	231680		FBgn0033465, FBgn0033465, FBgn0033465
DOID:0050752	amyotrophic lateral sclerosis type 8	ALS8, amyotrophic lateral sclerosis 8	608627		FBgn0029687, FBgn0029687
DOID:0060363	glycerol kinase deficiency		307030		FBgn0025592, FBgn0035266
DOID:0050013	carbohydrate metabolism disease				FBgn0262735
DOID:0050430	multiple endocrine neoplasia type 2A	MEN2A, Sipple syndrome, multiple endocrine neoplasia II	171400		FBgn0011829, FBgn0011829, FBgn0011829, FBgn0003310, FBgn0003310, FBgn0262519, FBgn0262519, FBgn0004638, FBgn0005672, FBgn0005672, FBgn0000463, FBgn0000463, FBgn0003205, FBgn0263933, FBgn0010909, FBgn0022764, FBgn0022764, FBgn0266557, FBgn0004644, FBgn0004644, FBgn0020440, FBgn0020440, FBgn0020440
DOID:0080092	myofibrillar myopathy 1	desminopathy	601419		FBgn0011296
DOID:3343	glycoproteinosis	Mucolipidosis type I, sialidosis	256550		FBgn0029163, FBgn0262516
DOID:1441	autosomal dominant cerebellar ataxia	spinocerebellar ataxia 			FBgn0026422, FBgn0024961, FBgn0026422, FBgn0024961, FBgn0024961, FBgn0026422, FBgn0026422, FBgn0024961, FBgn0026422, FBgn0024961, FBgn0024961, FBgn0026422, FBgn0038279, FBgn0037679, FBgn0037098, FBgn0263855, FBgn0020412, FBgn0020412, FBgn0010269, FBgn0261524, FBgn0003256, FBgn0038424, FBgn0004638, FBgn0001965, FBgn0003205, FBgn0003206, FBgn0003079, FBgn0031633, FBgn0069431, FBgn0069431, FBgn0026422, FBgn0026422, FBgn0026422, FBgn0026422, FBgn0026422, FBgn0024961, FBgn0024961, FBgn0024961, FBgn0026422, FBgn0024961, FBgn0026422, FBgn0024961, FBgn0083216, FBgn0024961, FBgn0024961, FBgn0086487, FBgn0002284, FBgn0024961, FBgn0087020, FBgn0034051, FBgn0034051, FBgn0041188, FBgn0031968, FBgn0041188, FBgn0041188, FBgn0031968, FBgn0003165, FBgn0024291, FBgn0029163, FBgn0040071, FBgn0263106, FBgn0014459, FBgn0266599, FBgn0260635, FBgn0086792, FBgn0010379, FBgn0010379, FBgn0020238, FBgn0015279, FBgn0084454, FBgn0084454, FBgn0021983, FBgn0000568, FBgn0010750, FBgn0010932, FBgn0002781, FBgn0262560, FBgn0265974, FBgn0025582, FBgn0022097, FBgn0015949, FBgn0022213, FBgn0021956, FBgn0263197, FBgn0264962, FBgn0283472, FBgn0015393, FBgn0005624, FBgn0022238, FBgn0283500, FBgn0022205, FBgn0024538, FBgn0025720, FBgn0011318, FBgn0265487, FBgn0265487, FBgn0265487, FBgn0265487, FBgn0003175, FBgn0263987, FBgn0263987, FBgn0027081, FBgn0011703, FBgn0016977, FBgn0016977, FBgn0003520, FBgn0003520, FBgn0003520, FBgn0041188, FBgn0041188, FBgn0265297, FBgn0003415, FBgn0027616, FBgn0020496, FBgn0024291, FBgn0003165, FBgn0033247, FBgn0263106, FBgn0262737, FBgn0263995, FBgn0001234, FBgn0035471, FBgn0034335, FBgn0029996, FBgn0022764, FBgn0011217, FBgn0011217, FBgn0040071, FBgn0015805, FBgn0261617, FBgn0261617, FBgn0002887, FBgn0041188, FBgn0053554, FBgn0028694, FBgn0001218, FBgn0262737, FBgn0029092, FBgn0261617, FBgn0023143, FBgn0015805, FBgn0260635, FBgn0260635, FBgn0260635, FBgn0028398, FBgn0263592, FBgn0004837, FBgn0004837, FBgn0032447, FBgn0283543, FBgn0004889, FBgn0010213, FBgn0039254, FBgn0039254, FBgn0029907, FBgn0024961, FBgn0263592, FBgn0003687, FBgn0003687, FBgn0031975, FBgn0031975, FBgn0283475
DOID:0060170	generalized epilepsy with febrile seizures plus	GEFS+	604233, 604403, 609800, 611277, 612279, 613828, 613863		FBgn0264255, FBgn0264255
DOID:0060171	Dravet Syndrome	SMEI, severe myoclonic epilepsy in infancy	607208		FBgn0264255, FBgn0264255
DOID:0050776	non-syndromic X-linked intellectual disability	MENTAL RETARDATION, X-LINKED 95, MRX, non-specific X-linked mental retardation	300046, 300047, 300062, 300114, 300115, 300143, 300210, 300271, 300324, 300355, 300372, 300387, 300428, 300433, 300436, 300454, 300498, 300504, 300505, 300518, 300551, 300558, 300577, 300659, 300716, 300802, 300803, 300844, 300848, 300849, 300850, 300851, 300852, 300912, 300919, 300923, 309530, 309549		FBgn0261694, FBgn0263120, FBgn0263120, FBgn0261694, FBgn0263120, FBgn0263120
DOID:0050831	familial encephalopathy with neuroserpin inclusion bodies	FENIB	604218		FBgn0086793, FBgn0086793, FBgn0086793, FBgn0086793
DOID:0050834	CHARGE syndrome	CHARGE association	214800		FBgn0266557, FBgn0266557, FBgn0266557, FBgn0266557, FBgn0266557, FBgn0266557
DOID:0050835	generalized dystonia	Dystonia 12, Dystonia lenticularis (disorder), Dystonia, deformans progressiva, Familiar Dystonia, Familiar Idiopathic Dystonia, Idiopathic Torsion Dystonia, Idiopathic familial dystonia, Idiopathic familial dystonia (disorder), Idiopathic non-familial dystonia (disorder), Idiopathic torsion dystonia, Idiopathic torsion dystonia (disorder), Non-familiar Idiopathic Dystonia, Symptomatic torsion dystonia (disorder), Symptomatic torsion dystonia NOS (disorder), dystonia deformans progressiva, dystonia musculorum deformans, familial dystonia, fragments of torsion dystonia, idiopathic familial dystonia, idiopathic non-familial dystonia, symptomatic torsion dystonia	128100		FBgn0262346, FBgn0025800, FBgn0044437, FBgn0262346, FBgn0262346, FBgn0262346
DOID:0060178	familial hemiplegic migraine		141500, 300125, 602481, 607516, 609634		FBgn0002921, FBgn0002921, FBgn0002921, FBgn0002921, FBgn0002921, FBgn0002921
DOID:0060179	Renpenning syndrome		309500		FBgn0039270, FBgn0039270, FBgn0010399, FBgn0039270
DOID:0060488	Pitt-Hopkins syndrome		610954		FBgn0267821, FBgn0267821, FBgn0267821, FBgn0267821, FBgn0267821
DOID:905	Zellweger syndrome	cerebrohepatorenal syndrome , congenital iron overload, peroxisome biogenesis disorder	214100		FBgn0036484, FBgn0036484, FBgn0036484, FBgn0267848, FBgn0013563, FBgn0036484, FBgn0037019
DOID:0050155	sensory system disease				FBgn0263933, FBgn0263933
DOID:0050879	fragile X-associated tremor/ataxia syndrome	FXTAS syndrome	300623		FBgn0265432, FBgn0022361, FBgn0265431, FBgn0265432, FBgn0261084, FBgn0265432, FBgn0025790, FBgn0265432, FBgn0265230, FBgn0265229, FBgn0004237, FBgn0001215
DOID:0050880	Koolen de Vries syndrome	17q21.31 microdeletion syndrome, KANSL1-related intellectual disability syndrome, KdVS, Koolen-De Vries syndrome	610443		FBgn0262527
DOID:0050881	inclusion body myopathy with Paget disease of bone and frontotemporal dementia	IBMPFD, inclusion body myopathy with Paget's disease of bone and frontotemporal dementia	167320, 615422, 615424		FBgn0261014, FBgn0261014, FBgn0261014, FBgn0261014, FBgn0261014, FBgn0261014, FBgn0039111, FBgn0039111, FBgn0267972, FBgn0267972, FBgn0267972, FBgn0267972, FBgn0267972, FBgn0267972, FBgn0039875, FBgn0266524, FBgn0265229
DOID:0050882	spinocerebellar ataxia type 5		600224		FBgn0263913, FBgn0263913, FBgn0250788, FBgn0250788, FBgn0261797, FBgn0001108
DOID:0050883	infantile cerebellar-retinal degeneration		614559		FBgn0010100
DOID:0050884	triosephosphate isomerase deficiency	Triose phosphate-isomerase deficiency	615512		FBgn0086355, FBgn0086355, FBgn0086355, FBgn0086355
DOID:0050885	IMAGe syndrome	intrauterine growth restriction, metaphyseal dysplasia, adrenal hypoplasia congenita, genital abnormalities	614732		FBgn0267325, FBgn0267325
DOID:0050886	Troyer syndrome	spastic paraplegia 20 (Troyer syndrome), spastic paraplegia type 20	275900		FBgn0037265, FBgn0035060, FBgn0024179, FBgn0028734, FBgn0020493, FBgn0259108, FBgn0259108
DOID:0050887	Townes-Brocks syndrome		107480		FBgn0261648, FBgn0000287
DOID:0050888	syndromic intellectual disability		300486, 300860, 309583		FBgn0004436, FBgn0004436
DOID:0050890	synucleinopathy	Synucleinopathies , alpha Synucleinopathies 			FBgn0026420, FBgn0026420, FBgn0026420, FBgn0015295, FBgn0026420, FBgn0026420, FBgn0026420, FBgn0026420, FBgn0026420, FBgn0005626
DOID:1682	congenital heart disease	Congenital Heart Defects, Congenital anomaly of heart, Heart Malformation, Heart-congenital defect, congenital heart defect, heart defect			FBgn0016660, FBgn0261963, FBgn0266081, FBgn0266079
DOID:4249	Gerstmann-Straussler-Scheinker syndrome	Gerstmann-Straussler-Scheinker disease, PRION DEMENTIA	137440		FBgn0086496, FBgn0086496, FBgn0086496
DOID:11722	myotonic dystrophy type 1	Dystrophia myotonica, Steinert disease, congenital myotonic dystrophy, myotonic dystrophy of Steinert	160900		FBgn0265056, FBgn0265056, FBgn0025790, FBgn0265056, FBgn0265056, FBgn0265056, FBgn0016070, FBgn0016070
DOID:0050204	Epstein-Barr virus hepatitis				FBgn0084074, FBgn0267670, FBgn0084074, FBgn0084074, FBgn0084074, FBgn0025790, FBgn0085408, FBgn0023172, FBgn0267727, FBgn0023081, FBgn0000308, FBgn0035073, FBgn0032821, FBgn0263144, FBgn0264855, FBgn0040064, FBgn0020620, FBgn0010488, FBgn0262743, FBgn0013764, FBgn0031952, FBgn0262114, FBgn0020618, FBgn0041789, FBgn0020307, FBgn0008635, FBgn0020238, FBgn0261983, FBgn0002431, FBgn0263289, FBgn0015799, FBgn0010316, FBgn0024248, FBgn0000150, FBgn0021796, FBgn0021796, FBgn0003205, FBgn0011706, FBgn0039044, FBgn0001624, FBgn0041171, FBgn0014010, FBgn0014010, FBgn0086384, FBgn0283499, FBgn0011766, FBgn0262081, FBgn0010300, FBgn0010300, FBgn0004907, FBgn0004907, FBgn0267670, FBgn0021796, FBgn0021796
DOID:0060236	xanthinuria	xanthine dehydrogenase deficiency, xanthine oxidase deficiency	278300, 603592		FBgn0003308, FBgn0003308
DOID:10652	Alzheimer's disease	AD, Alzheimer disease, Alzheimer disease, familial, Alzheimers dementia	104300, 104310, 300756, 502500, 602096, 604154, 605526, 606187, 606889, 607116, 607822, 608907, 609636, 609790, 611073, 611152, 611154, 611155, 615080, 615590, 615711		FBgn0025823, FBgn0025823, FBgn0025823, FBgn0025823, FBgn0025823, FBgn0015394, FBgn0025823, FBgn0031263, FBgn0031263, FBgn0025823, FBgn0003124, FBgn0003124, FBgn0003124, FBgn0026080, FBgn0025823, FBgn0025823, FBgn0025823, FBgn0025823, FBgn0025823, FBgn0025823, FBgn0025823, FBgn0278608, FBgn0004648, FBgn0004648, FBgn0004648, FBgn0001087, FBgn0001087, FBgn0023528, FBgn0030343, FBgn0001981, FBgn0034240, FBgn0004858, FBgn0004858, FBgn0031968, FBgn0262473, FBgn0264357, FBgn0264357, FBgn0262368, FBgn0262737, FBgn0262714, FBgn0015805, FBgn0041210, FBgn0022764, FBgn0036152, FBgn0259938, FBgn0027570, FBgn0027570, FBgn0036030, FBgn0025823, FBgn0032049, FBgn0000108, FBgn0025823, FBgn0025823, FBgn0025823, FBgn0015394, FBgn0025823, FBgn0025823, FBgn0025823, FBgn0025823, FBgn0025823, FBgn0025823, FBgn0019947, FBgn0025823, FBgn0025823, FBgn0025823, FBgn0025823, FBgn0025823, FBgn0025823, FBgn0025823, FBgn0025823, FBgn0019947, FBgn0025823, FBgn0025823, FBgn0025823, FBgn0025823, FBgn0025823, FBgn0025823, FBgn0025823, FBgn0025823, FBgn0025823, FBgn0025823, FBgn0025823, FBgn0025823, FBgn0025823, FBgn0025823, FBgn0025823, FBgn0025823, FBgn0025823, FBgn0025823, FBgn0025823, FBgn0025823, FBgn0025823, FBgn0025823, FBgn0025823, FBgn0025823, FBgn0025823, FBgn0025823, FBgn0025823, FBgn0025823, FBgn0025823, FBgn0025823, FBgn0265355, FBgn0265355, FBgn0015394, FBgn0030343, FBgn0062412, FBgn0062411, FBgn0266334, FBgn0021872, FBgn0021872, FBgn0001247, FBgn0265465, FBgn0015394, FBgn0015394, FBgn0025823, FBgn0033631, FBgn0037930, FBgn0037930, FBgn0037930, FBgn0033327, FBgn0027570, FBgn0250787, FBgn0019947, FBgn0019947, FBgn0024196, FBgn0001308, FBgn0010235, FBgn0003462, FBgn0003462, FBgn0003462, FBgn0015221, FBgn0015222, FBgn0010226, FBgn0010213, FBgn0000261, FBgn0265354, FBgn0250787, FBgn0019947, FBgn0025823, FBgn0025823, FBgn0025823, FBgn0025823, FBgn0033096, FBgn0033096, FBgn0033096, FBgn0026080, FBgn0025823, FBgn0260635, FBgn0000229, FBgn0038197, FBgn0038197, FBgn0025823, FBgn0040305, FBgn0040305, FBgn0025823, FBgn0025823, FBgn0263703, FBgn0002868, FBgn0026080, FBgn0026080, FBgn0250816, FBgn0250816, FBgn0003607, FBgn0003607, FBgn0263755, FBgn0263755, FBgn0016687, FBgn0000541, FBgn0005386, FBgn0005386, FBgn0015394, FBgn0015394, FBgn0015394, FBgn0003371, FBgn0266579, FBgn0266579, FBgn0025823, FBgn0025823, FBgn0025823, FBgn0025823, FBgn0025823, FBgn0025823, FBgn0086370, FBgn0010014, FBgn0000273, FBgn0027356, FBgn0027356, FBgn0027356, FBgn0015394, FBgn0025823, FBgn0025823, FBgn0015394, FBgn0025810, FBgn0025810, FBgn0025823, FBgn0025823, FBgn0025823, FBgn0025823, FBgn0003068, FBgn0012051, FBgn0000108, FBgn0000108, FBgn0259984, FBgn0003371, FBgn0016797, FBgn0001122, FBgn0000108, FBgn0000108, FBgn0032049, FBgn0025823, FBgn0025823, FBgn0025823, FBgn0025823, FBgn0025823, FBgn0025823, FBgn0025823, FBgn0025823, FBgn0025823, FBgn0025823, FBgn0025823, FBgn0005564
DOID:0060337	CEDNIK syndrome	cerebral dysgenesis, neuropathy, ichthyosis and keratoderma syndrome	609528		FBgn0034913
DOID:0060348	hypoparathyroidism-retardation-dysmorphism syndrome	HRD syndrome, Sanjad-Sakati syndrome, hypoparathyroidism with short stature, mental retardation and seizures	241410		FBgn0033055
DOID:0060351	mitochondrial complex III deficiency nuclear type 2	MC3DN2	615157		FBgn0032744
DOID:0060352	Kleefstra syndrome	9q subtelomeric deletion syndrome, 9q-syndrome, 9q34 deletion syndrome	610253		FBgn0040372, FBgn0040372
DOID:10907	microcephaly	Microcephalus, microencephaly	251200, 604321, 604804, 608393, 608716, 612703		FBgn0031374, FBgn0031374, FBgn0028343, FBgn0260959, FBgn0260959, FBgn0000140, FBgn0000140, FBgn0000140, FBgn0000140, FBgn0000140
DOID:10016	multiple endocrine neoplasia type 2B	MEN type IIB, MEN2B, Multiple endocrine neoplasia, type 3, Wagenmann-Froboese syndrome, mucosal neuroma syndrome, multiple endocrine neoplasia type 2b	162300		FBgn0011829, FBgn0003310, FBgn0003310, FBgn0003310, FBgn0262519, FBgn0262519, FBgn0262519, FBgn0262519, FBgn0004638, FBgn0004638, FBgn0004638, FBgn0005672, FBgn0005672, FBgn0005672, FBgn0000463, FBgn0000463, FBgn0003205, FBgn0003205, FBgn0263933, FBgn0010909, FBgn0010909, FBgn0022764, FBgn0022764, FBgn0022764, FBgn0022764, FBgn0022764, FBgn0262081, FBgn0266557, FBgn0266557, FBgn0266557, FBgn0004644, FBgn0004644, FBgn0004644, FBgn0004644
DOID:0050338	primary bacterial infectious disease				FBgn0004859, FBgn0003444, FBgn0004644, FBgn0283531
DOID:0050340	opportunistic bacterial infectious disease				FBgn0014018, FBgn0082598, FBgn0000212, FBgn0002783
DOID:10534	stomach cancer	Ca body - stomach, Ca lesser curvature - stomach (disorder), ca greater curvature of stomach, gastric neoplasm, malignant neoplasm of body of stomach, malignant neoplasm of lesser curve of stomach unspecified (disorder), malignant tumor of body of stomach (disorder), malignant tumor of greater curve of stomach (disorder), malignant tumor of lesser curve of stomach (disorder)	137215, 613659		FBgn0265227, FBgn0265227
DOID:0060108	brain glioma	lower grade glioma			FBgn0267909, FBgn0262656, FBgn0010379, FBgn0038197, FBgn0021796, FBgn0016131, FBgn0016131, FBgn0015279, FBgn0003205, FBgn0017578, FBgn0003525, FBgn0003525, FBgn0022739, FBgn0010316, FBgn0283472, FBgn0015799, FBgn0015799, FBgn0033935, FBgn0026379, FBgn0003118, FBgn0015218, FBgn0029840, FBgn0261560, FBgn0026317, FBgn0022739, FBgn0015279, FBgn0036187, FBgn0036187, FBgn0039306, FBgn0039306, FBgn0039306, FBgn0083212
DOID:2717	Bloom syndrome	Bloom-Torre-Machacek syndrome, Congenital Telangiectatic Erythema syndrome	210900		FBgn0002906
DOID:10914	amnestic disorder	Amnestic syndrome, Korsakoff's psychosis or syndrome, amnesia			FBgn0266579, FBgn0015394
DOID:0050476	Barth syndrome	3-methylglutaconicaciduria type 2, 3-methylglutaconicaciduria type II, MGA Type 2, MGA type II	302060		FBgn0026619, FBgn0026619, FBgn0026619, FBgn0036053, FBgn0026619
DOID:10595	Charcot-Marie-Tooth disease	CMT - Charcot-Marie-Tooth disease, Charcot Marie Tooth muscular atrophy, Peroneal muscular atrophy			FBgn0267700, FBgn0035587, FBgn0035587, FBgn0031611, FBgn0031611, FBgn0027080, FBgn0027080, FBgn0027080, FBgn0027080, FBgn0029870, FBgn0267700, FBgn0267700, FBgn0267700, FBgn0027088, FBgn0027088, FBgn0267967, FBgn0030667, FBgn0030667, FBgn0029870, FBgn0265394, FBgn0265394, FBgn0265394
DOID:0060160	survival motor neuron spinal muscular atrophy	spinal muscular atrophies of childhood			FBgn0036641, FBgn0036641, FBgn0010389, FBgn0036641, FBgn0036641, FBgn0036641, FBgn0036641, FBgn0036641, FBgn0036641, FBgn0036641, FBgn0036641, FBgn0036641, FBgn0036641, FBgn0036641, FBgn0036641
DOID:0060161	Kennedy's disease	Kennedy disease, SBMA, Spinobulbar Muscular Atrophy, X-Linked Bulbo-Spinal Atrophy, X-linked Spinal and Bulbar Muscular Atrophy, spinal bulbar muscular atrophy	313200		FBgn0064240, FBgn0064240, FBgn0064240, FBgn0064240, FBgn0064240, FBgn0064240, FBgn0064240, FBgn0036255, FBgn0250796, FBgn0026428, FBgn0264325, FBgn0261565, FBgn0261565, FBgn0015393, FBgn0002284, FBgn0029113, FBgn0266599, FBgn0011760, FBgn0064240, FBgn0064240, FBgn0029676, FBgn0064240
DOID:0060162	dentatorubral-pallidoluysian atrophy	DRPLA, Haw River Syndrome, Naito-Oyanagi disease	125370		FBgn0010825, FBgn0010825, FBgn0010825, FBgn0086484, FBgn0021796, FBgn0260945, FBgn0001075, FBgn0001075, FBgn0053193, FBgn0011739, FBgn0262029
DOID:0050425	restless legs syndrome	WED, Willis-Ekbom disease, Wittmaack-Ekbom syndrome	102300, 610438, 610439, 611185, 611242, 612853, 615197		FBgn0030228, FBgn0030228, FBgn0030228
DOID:0050427	xeroderma pigmentosum		278700, 278720, 278730, 278740, 278750, 278760, 278780, 610651		FBgn0019686, FBgn0037141, FBgn0001179, FBgn0001179, FBgn0001179, FBgn0261850, FBgn0261850, FBgn0261850, FBgn0261850, FBgn0261850, FBgn0261850
DOID:0050453	lissencephaly		257320, 300067, 300215, 607432, 611603, 614019, 615191		FBgn0034072, FBgn0011676
DOID:12858	Huntington's disease	HD, Huntington disease, Huntington's chorea	143100		FBgn0025587, FBgn0025587, FBgn0025587, FBgn0025587, FBgn0025587, FBgn0025587, FBgn0025587, FBgn0025587, FBgn0025587, FBgn0025587, FBgn0025587, FBgn0025587, FBgn0025587, FBgn0025587, FBgn0025587, FBgn0025587, FBgn0025587, FBgn0025587, FBgn0025587, FBgn0040249, FBgn0040249, FBgn0040249, FBgn0025587, FBgn0039044, FBgn0040249, FBgn0025587, FBgn0000117, FBgn0000117, FBgn0000117, FBgn0004009, FBgn0004009, FBgn0004360, FBgn0004360, FBgn0004360, FBgn0085432, FBgn0085432, FBgn0026598, FBgn0026597, FBgn0003371, FBgn0003371, FBgn0003371, FBgn0004648, FBgn0001087, FBgn0030343, FBgn0034240, FBgn0262473, FBgn0264357, FBgn0264357, FBgn0262737, FBgn0267324, FBgn0004057, FBgn0003071, FBgn0025587, FBgn0283436, FBgn0025587, FBgn0025587, FBgn0014010, FBgn0025587, FBgn0025587, FBgn0024291, FBgn0025587, FBgn0026420, FBgn0000577, FBgn0000577, FBgn0027655, FBgn0029891, FBgn0026479, FBgn0027655, FBgn0027655, FBgn0003870, FBgn0025587, FBgn0025587, FBgn0025587, FBgn0025587, FBgn0035915, FBgn0031161, FBgn0030964, FBgn0030964, FBgn0010638, FBgn0031049, FBgn0266482, FBgn0025587, FBgn0000337, FBgn0000337, FBgn0003965, FBgn0003965, FBgn0263986, FBgn0025587, FBgn0025587, FBgn0025587, FBgn0025587, FBgn0025587, FBgn0025587, FBgn0025587, FBgn0264574, FBgn0264574, FBgn0264574, FBgn0041723, FBgn0041723, FBgn0283676, FBgn0025587, FBgn0025587, FBgn0025587, FBgn0025587, FBgn0025587, FBgn0025587, FBgn0025587, FBgn0025587, FBgn0025587, FBgn0025587, FBgn0025587, FBgn0025587, FBgn0025587, FBgn0025587, FBgn0025587, FBgn0040249, FBgn0025587, FBgn0025587, FBgn0025587, FBgn0025587, FBgn0025587, FBgn0025587, FBgn0025587, FBgn0025587, FBgn0025587, FBgn0025587, FBgn0263391, FBgn0263391, FBgn0263391, FBgn0265434, FBgn0265434, FBgn0000117, FBgn0000117, FBgn0000117, FBgn0000117, FBgn0010397, FBgn0010397, FBgn0037092, FBgn0037092, FBgn0020503, FBgn0020503, FBgn0001308, FBgn0001308, FBgn0013733, FBgn0013733, FBgn0013726, FBgn0013726, FBgn0013726, FBgn0033504, FBgn0033504, FBgn0001104, FBgn0001104, FBgn0010051, FBgn0010051, FBgn0010238, FBgn0010238, FBgn0264959, FBgn0264959, FBgn0264959, FBgn0004907, FBgn0004907, FBgn0020238, FBgn0020238, FBgn0000319, FBgn0000319, FBgn0000319, FBgn0250791, FBgn0250791, FBgn0250791, FBgn0250791, FBgn0250791, FBgn0013343, FBgn0013343, FBgn0013343, FBgn0034075, FBgn0034075, FBgn0261797, FBgn0261797, FBgn0028687, FBgn0028687, FBgn0028687, FBgn0005632, FBgn0005632, FBgn0011656, FBgn0011656, FBgn0000568, FBgn0000568, FBgn0000568, FBgn0000568, FBgn0020309, FBgn0020309, FBgn0261999, FBgn0261999, FBgn0040395, FBgn0040395, FBgn0040395, FBgn0001128, FBgn0001128, FBgn0003074, FBgn0003074, FBgn0021967, FBgn0004363, FBgn0004363, FBgn0011774, FBgn0024961, FBgn0003943, FBgn0264922, FBgn0022027, FBgn0086656, FBgn0021814, FBgn0020930, FBgn0025587, FBgn0025587, FBgn0035639, FBgn0262647, FBgn0046222, FBgn0025587, FBgn0025587, FBgn0265990, FBgn0086792, FBgn0001991, FBgn0013343, FBgn0250791, FBgn0004574, FBgn0263111, FBgn0027655, FBgn0014340, FBgn0034975, FBgn0261617, FBgn0020388, FBgn0020388, FBgn0026418, FBgn0263106, FBgn0266603, FBgn0266600, FBgn0026317, FBgn0005198, FBgn0260945, FBgn0025587, FBgn0250745, FBgn0015273, FBgn0265784, FBgn0265784, FBgn0266599, FBgn0262978, FBgn0264574, FBgn0036199, FBgn0025587, FBgn0266432, FBgn0015777, FBgn0264607, FBgn0001104, FBgn0001233, FBgn0015245, FBgn0031728, FBgn0266582, FBgn0266582, FBgn0026409, FBgn0003676, FBgn0034708, FBgn0020238, FBgn0020238, FBgn0004907, FBgn0025587, FBgn0025587, FBgn0027655, FBgn0012051, FBgn0003464, FBgn0003464, FBgn0031260, FBgn0039381, FBgn0039381, FBgn0033438, FBgn0033438, FBgn0004919, FBgn0283468, FBgn0025587, FBgn0062412, FBgn0030343, FBgn0030343, FBgn0031759, FBgn0025587, FBgn0025587, FBgn0015790, FBgn0261243, FBgn0261243, FBgn0261243, FBgn0025587, FBgn0263106, FBgn0001218, FBgn0011217, FBgn0086792, FBgn0022764, FBgn0003415, FBgn0024291, FBgn0040071, FBgn0263995, FBgn0003165, FBgn0003165, FBgn0020238, FBgn0020238, FBgn0020238, FBgn0026375, FBgn0260635, FBgn0260635, FBgn0010379, FBgn0010379, FBgn0262737, FBgn0267975, FBgn0267975, FBgn0029899, FBgn0029899, FBgn0015279, FBgn0025587, FBgn0003687, FBgn0003687, FBgn0025587, FBgn0052412, FBgn0052412, FBgn0036999, FBgn0040249, FBgn0025587, FBgn0025587, FBgn0012051, FBgn0012051, FBgn0012051, FBgn0052672, FBgn0025587, FBgn0263106, FBgn0038167
DOID:0050457	Sertoli cell-only syndrome	DEL CASTILLO SYNDROME, Germinal Cell Aplasia	305700, 400042		FBgn0263231, FBgn0263231, FBgn0000405
DOID:0050460	Wolf-Hirschhorn syndrome	4p deletion syndrome, PITT SYNDROME, Pitt-Rogers-Danks Syndrome, chromosome 4p16.3 deletion syndrome	194190		FBgn0019886
DOID:0050467	erythrokeratodermia variabilis	Erythrokeratodermia Figurata Variabilis, Greither Disease	133200		FBgn0001218, FBgn0266599, FBgn0266599, FBgn0283520
DOID:10003	sensorineural hearing loss	High Frequency Hearing Loss, High frequency deafness, Perceptive deafness [diagnos], Perceptive hearing loss, Perceptive hearing loss or deafness, Sensorineural Deafness, Sensory hearing loss, central hearing loss, high-frequency hearing loss	304400		FBgn0003714
DOID:14250	Down syndrome	Complete trisomy 21 syndrome (disorder), Down's syndrome, Down's syndrome - trisomy 21, Downs syndrome, G Trisomy, trisomy 21 syndrome	190685		FBgn0086370, FBgn0086370, FBgn0086370, FBgn0086370, FBgn0086370, FBgn0023388, FBgn0034691, FBgn0028734, FBgn0028734, FBgn0033159, FBgn0033159
DOID:0050530	intermediate spinal muscular atrophy	MUSCULAR ATROPHY, SPINAL, INFANTILE CHRONIC FORM, MUSCULAR ATROPHY, SPINAL, INTERMEDIATE TYPE	253550		FBgn0036641, FBgn0036641, FBgn0036641
DOID:1574	alcohol abuse	Ethanol abuse			FBgn0025726, FBgn0267361
DOID:0050539	Charcot-Marie-Tooth disease type 2	hereditary motor and sensory neuropathy Guadalajara neuronal type, hereditary motor and sensory neuropathy Okinawa type, hereditary motor and sensory neuropathy type 2	118210, 118230, 600882, 601472, 604484, 605588, 605589, 606071, 606595, 607677, 607684, 607731, 607736, 607831, 608591, 608673, 609260, 613287, 614228, 614436, 615025, 615490, 616155, 616233, 616280, 616491		FBgn0027088, FBgn0015795, FBgn0267000, FBgn0027088, FBgn0027088
DOID:0050547	familial medullary thyroid carcinoma	THYROID CARCINOMA, FAMILIAL MEDULLARY	155240		FBgn0011829, FBgn0011829, FBgn0011829
DOID:0050548	hereditary sensory neuropathy	congenital insensitivity to pain, familial dysautonomia, type II, hereditary sensory and autonomic neuropathy	162400, 201300, 256800, 256860, 310470, 608088, 608654, 613115, 613640, 613708, 614116, 614213, 614653, 615548, 615632, 616488		FBgn0086532
DOID:0050560	Walker-Warburg syndrome	HARD syndrome, cerebroocular dysplasia-muscular dystrophy syndrome	236670, 253280		FBgn0086368, FBgn0086368, FBgn0003292, FBgn0003292, FBgn0003292
DOID:0050569	Seckel syndrome	Harper's syndrome, Virchow-Seckel dwarfism, bird-headed dwarfism, microcephalic primordial dwarfism	210600, 606744, 608664, 613676, 613823, 614728, 614851, 615807		FBgn0000228
DOID:0050571	congenital disorder of glycosylation type II	B4GALT1-CDG (CDG-2d), MGAT2-CDG (CDG-2a), MOGS-CDG (CDG-2b)	212066, 266265, 603585, 606056, 607091, 608779, 611182, 611209, 613489, 613612		FBgn0265351
DOID:0050575	D-2-hydroxyglutaric aciduria		600721, 613657		FBgn0001248, FBgn0001248
DOID:0050585	congenital generalized lipodystrophy	Beradinelli-Seip syndrome	269700, 608594, 612526, 613327		FBgn0040336, FBgn0263593, FBgn0010350, FBgn0010350, FBgn0010350, FBgn0033052, FBgn0027579, FBgn0004797, FBgn0004797, FBgn0041342, FBgn0040336, FBgn0040336
DOID:0050589	inflammatory bowel disease		266600, 601458, 604519, 605225, 606348, 606668, 606674, 606675, 608448, 611081, 612241, 612244, 612245, 612255, 612259, 612261, 612262, 612278, 612288, 612354, 612380, 612381, 612566, 612567, 612639, 612796, 613148		FBgn0087007, FBgn0010434
DOID:0050628	advanced sleep phase syndrome	familial advanced sleep-phase syndrome	604348, 615224		FBgn0083214
DOID:0050638	transthyretin amyloidosis	Amyloidosis, hereditary, transthyretin-related, Corino de Andrade's disease, Familial transthyretin amyloidosis, TTR amyloidosis, familial amyloid polyneuropathy, transthyretin-related hereditary amyloidosis	105210		FBgn0262910, FBgn0262910, FBgn0262910, FBgn0262910
DOID:0050676	Birt-Hogg-Dube syndrome		135150		FBgn0261111, FBgn0283656
DOID:10283	prostate cancer	NGP - new growth of prostate, hereditary prostate cancer, malignant tumor of the prostate, prostate cancer, familial, prostate neoplasm, prostatic cancer, prostatic neoplasm, tumor of the prostate	176807, 300147, 300704, 601518, 602759, 608656, 608658, 609299, 609558, 610321, 610997, 611100, 611868, 611928, 611955, 611958, 611959		FBgn0263260, FBgn0027835, FBgn0028944, FBgn0039783, FBgn0032015, FBgn0033341, FBgn0003145, FBgn0003391, FBgn0015609
DOID:0050700	cardiomyopathy	Cardiomyopathies			FBgn0283471, FBgn0004169, FBgn0025679, FBgn0025679, FBgn0025686, FBgn0026562, FBgn0003731, FBgn0003205, FBgn0003205, FBgn0003079, FBgn0016671, FBgn0025391, FBgn0016660, FBgn0261963, FBgn0003256, FBgn0010269, FBgn0025800, FBgn0011648, FBgn0011655, FBgn0260660, FBgn0025587, FBgn0025587, FBgn0025587, FBgn0010812, FBgn0041100, FBgn0041100, FBgn0041100, FBgn0003462, FBgn0010213, FBgn0036488, FBgn0029870
DOID:0050741	alcohol dependence	alcoholism	103780		FBgn0028546, FBgn0028546, FBgn0041627
DOID:0050756	Batten disease	juvenile neuronal ceroid lipofuscinosis			FBgn0030057, FBgn0030057, FBgn0030057, FBgn0030057, FBgn0036756, FBgn0030057, FBgn0030057, FBgn0030057
DOID:0050763	ARC syndrome	ARTHROGRYPOSIS, RENAL DYSFUNCTION, AND CHOLESTASIS, Arthrogryposis, renal dysfunction and cholestasis (ARC) syndrome, Arthrogryposis-renal dysfunction-cholestasis	208085, 613404		FBgn0039702
DOID:0050779	hydrolethalus syndrome	Salonen-Herva-Norio syndrome	236680, 614120		FBgn0264808
DOID:0050787	juvenile polyposis syndrome		174900		FBgn0000490, FBgn0003169, FBgn0011648, FBgn0003716, FBgn0003716
DOID:13636	Fanconi's anemia	Fanconi anemia, Fanconi pancytopenia, Fanconi panmyelopathy	227645, 227646, 227650, 300514, 600901, 603467, 605724, 609053, 609054, 610832, 613390, 613951, 614082, 614083, 614087, 615272		FBgn0038827, FBgn0037781
DOID:104	bacterial infectious disease				FBgn0011274, FBgn0243514
DOID:11717	neonatal diabetes mellitus	diabetes mellitus syndrome in newborn infant			FBgn0265090, FBgn0020251, FBgn0265974, FBgn0027535, FBgn0027535, FBgn0265090
DOID:0060041	autism spectrum disorder				FBgn0266098, FBgn0266098, FBgn0266098, FBgn0266098, FBgn0031866, FBgn0061469
DOID:11719	oculopharyngeal muscular dystrophy	Muscular dystrophy, oculopharyngeal, Oculopharyngeal muscular dystrophy (disorder)	164300		FBgn0086486, FBgn0086486, FBgn0005427, FBgn0035849, FBgn0011725, FBgn0036239, FBgn0017550, FBgn0015949, FBgn0015949, FBgn0005648, FBgn0264491, FBgn0004882, FBgn0003165, FBgn0003165, FBgn0003165, FBgn0016070, FBgn0016070, FBgn0086486, FBgn0086486, FBgn0086486, FBgn0086486, FBgn0086486
DOID:0060050	autoimmune disease of blood				FBgn0032078
DOID:11723	Duchenne muscular dystrophy	Muscular dystrophy, Duchenne	310200		FBgn0010591, FBgn0260003, FBgn0260003, FBgn0260003, FBgn0016078, FBgn0016078, FBgn0016078, FBgn0002524, FBgn0086676, FBgn0260003, FBgn0260003
DOID:11727	facioscapulohumeral muscular dystrophy	Landouzy Dejerine muscular dystrophy, Landouzy-Dejerine muscular dystrophy, Muscular dystrophy, Landouzy-Dejerine	158900, 158901		FBgn0283683, FBgn0036964
DOID:0060085	organ system benign neoplasm				FBgn0026070, FBgn0026070, FBgn0267583, FBgn0267583
DOID:10584	retinitis pigmentosa	RP, pericentral pigmentary retinopathy, retinitis pigmentosa type 53 , retinitis pigmentosa type 59, retinitis pigmentosa-1	120970, 180100, 180104, 180105, 180210, 268000, 268025, 268060, 300029, 300424, 300605, 312600, 312612, 400004, 600059, 600105, 600132, 600138, 600852, 601414, 601718, 602594, 602772, 606068, 607921, 608133, 608380, 609913, 609923, 610282, 610359, 610599, 611131, 612095, 612165, 612572, 612712, 612943, 613194, 613428, 613464, 613575, 613581, 613582, 613617, 613731, 613750, 613756, 613758, 613767, 613769, 613794, 613801, 613810, 613827, 613861, 613862, 613983, 614180, 614181, 614494, 615233, 615434, 615565, 615725, 615780, 615922		FBgn0002940, FBgn0259685, FBgn0259685, FBgn0002940, FBgn0036487, FBgn0021872, FBgn0031950, FBgn0032480, FBgn0039875, FBgn0026404, FBgn0263864, FBgn0000229, FBgn0003997, FBgn0019972, FBgn0026319, FBgn0002940
DOID:1059	intellectual disability	MENTAL RETARDATION, AUTOSOMAL RECESSIVE 15, mental retardation			FBgn0039560, FBgn0039560, FBgn0039560, FBgn0262527, FBgn0028471, FBgn0026079, FBgn0264323, FBgn0261885, FBgn0086488, FBgn0266923, FBgn0000117, FBgn0261788, FBgn0010762
DOID:114	heart disease				FBgn0263006, FBgn0283471, FBgn0039938
DOID:12377	spinal muscular atrophy				FBgn0001308, FBgn0036641, FBgn0036641
DOID:12704	ataxia telangiectasia	Boder-Sedgwick syndrome, Louis Bar syndrome	208900		FBgn0045035, FBgn0045035
DOID:12705	Friedreich ataxia	Friedreich ataxia 1, Friedreich's ataxia, Friedreich's tabes	229300, 601992		FBgn0030092, FBgn0030092, FBgn0030092, FBgn0264737, FBgn0030092, FBgn0030092, FBgn0030092, FBgn0015222, FBgn0015221, FBgn0039561, FBgn0039561, FBgn0039561, FBgn0030449
DOID:1289	neurodegenerative disease	Neurodegenerative disease, degenerative disease			FBgn0024961, FBgn0025587, FBgn0019947, FBgn0040249, FBgn0040249, FBgn0025587, FBgn0025587, FBgn0025587, FBgn0040249, FBgn0040249, FBgn0040249, FBgn0026422, FBgn0024961, FBgn0045035, FBgn0264357, FBgn0040249, FBgn0025587, FBgn0024961, FBgn0040249, FBgn0026422, FBgn0024961, FBgn0024961, FBgn0040249, FBgn0015394, FBgn0025587, FBgn0025823, FBgn0261084, FBgn0086355, FBgn0003969, FBgn0026420, FBgn0040249, FBgn0032901, FBgn0000482, FBgn0000482, FBgn0000482, FBgn0259685, FBgn0259685, FBgn0259685, FBgn0259685, FBgn0259685, FBgn0259685, FBgn0040249, FBgn0033885, FBgn0026420, FBgn0024961, FBgn0024961, FBgn0024961, FBgn0025587, FBgn0025823, FBgn0265487, FBgn0265487, FBgn0064239, FBgn0266579, FBgn0259108, FBgn0015394, FBgn0044871, FBgn0044871, FBgn0283449, FBgn0029687, FBgn0026420, FBgn0025587, FBgn0029687, FBgn0010213, FBgn0003462, FBgn0040249, FBgn0040249, FBgn0015394, FBgn0015394, FBgn0040249, FBgn0265054, FBgn0027655, FBgn0025587, FBgn0028932, FBgn0027378, FBgn0030951, FBgn0030207, FBgn0023088, FBgn0022962, FBgn0040249, FBgn0040249, FBgn0263319, FBgn0263319, FBgn0263319, FBgn0024961, FBgn0024961, FBgn0025587, FBgn0026422, FBgn0040249, FBgn0040249, FBgn0265432, FBgn0266708, FBgn0015394, FBgn0015394, FBgn0015394, FBgn0015394, FBgn0000499, FBgn0024961, FBgn0083216, FBgn0083216, FBgn0025587, FBgn0015394, FBgn0015394, FBgn0026422, FBgn0040249, FBgn0040249, FBgn0040249, FBgn0265056, FBgn0265056, FBgn0040249, FBgn0024961, FBgn0040249, FBgn0024961, FBgn0024961, FBgn0025587, FBgn0064240, FBgn0040249, FBgn0040249, FBgn0040249, FBgn0040249, FBgn0040249, FBgn0025823, FBgn0025823, FBgn0265432, FBgn0283649, FBgn0027655, FBgn0024961, FBgn0024961, FBgn0040249, FBgn0040249, FBgn0025587, FBgn0024961, FBgn0024961, FBgn0024961, FBgn0015394, FBgn0015394, FBgn0025790, FBgn0025790, FBgn0025790, FBgn0265131, FBgn0265131, FBgn0265131, FBgn0040249, FBgn0261014, FBgn0261014, FBgn0261084, FBgn0261084, FBgn0025823, FBgn0040249, FBgn0026422, FBgn0024961, FBgn0025587, FBgn0265432, FBgn0265432, FBgn0025587, FBgn0265432, FBgn0265432, FBgn0025587, FBgn0064240, FBgn0064240, FBgn0040249, FBgn0004512, FBgn0010241, FBgn0004513, FBgn0086487, FBgn0086487, FBgn0086487, FBgn0086487, FBgn0086487, FBgn0001308, FBgn0010235, FBgn0266599, FBgn0067413, FBgn0028408, FBgn0028408, FBgn0022960, FBgn0262419, FBgn0002781, FBgn0011656, FBgn0003371, FBgn0003371, FBgn0265056, FBgn0040249, FBgn0265057, FBgn0261014, FBgn0261014, FBgn0262451, FBgn0262451, FBgn0262451, FBgn0262451, FBgn0262451, FBgn0032515, FBgn0039016, FBgn0032525, FBgn0261014, FBgn0025587, FBgn0050410, FBgn0004057, FBgn0026428, FBgn0026428, FBgn0051119, FBgn0051119, FBgn0025825, FBgn0041188, FBgn0041188, FBgn0031968, FBgn0029163, FBgn0263106, FBgn0266599, FBgn0260934, FBgn0038167, FBgn0015394, FBgn0025823, FBgn0069358, FBgn0261084, FBgn0261084, FBgn0261084, FBgn0028554, FBgn0025790, FBgn0025790, FBgn0004838, FBgn0032586, FBgn0032586, FBgn0263106, FBgn0263106, FBgn0030013, FBgn0030013, FBgn0031057, FBgn0031057, FBgn0086357, FBgn0086357, FBgn0261617, FBgn0261617, FBgn0261617, FBgn0026418, FBgn0026418, FBgn0263106, FBgn0266603, FBgn0266600, FBgn0260934, FBgn0025587, FBgn0001234, FBgn0001234, FBgn0001234, FBgn0032474, FBgn0029163, FBgn0263106, FBgn0263106, FBgn0263106, FBgn0084454, FBgn0266599, FBgn0266599, FBgn0034051, FBgn0265354, FBgn0262516, FBgn0001234, FBgn0001234, FBgn0001234, FBgn0264326, FBgn0038788, FBgn0024291, FBgn0015805, FBgn0026418, FBgn0026418, FBgn0026418, FBgn0026418, FBgn0026418, FBgn0053554, FBgn0053554, FBgn0261084, FBgn0261084, FBgn0031037, FBgn0024961, FBgn0267095, FBgn0024961, FBgn0029163, FBgn0014459, FBgn0024961, FBgn0024961, FBgn0014018, FBgn0014018, FBgn0014018, FBgn0031420, FBgn0031420, FBgn0031420, FBgn0005411, FBgn0005411, FBgn0004364, FBgn0015770, FBgn0032095, FBgn0034476, FBgn0029114, FBgn0036978, FBgn0003495, FBgn0260632, FBgn0260945, FBgn0035850, FBgn0265056, FBgn0040249, FBgn0025587, FBgn0003256, FBgn0032586, FBgn0263106, FBgn0034091, FBgn0029163, FBgn0010379, FBgn0023530, FBgn0037562, FBgn0015790, FBgn0025587, FBgn0001075, FBgn0261456, FBgn0011739, FBgn0034970, FBgn0034970, FBgn0034970, FBgn0262029, FBgn0039254, FBgn0039254, FBgn0026422, FBgn0243512, FBgn0000229, FBgn0025823, FBgn0001291, FBgn0010303, FBgn0010173, FBgn0010173, FBgn0027375, FBgn0261278, FBgn0261278, FBgn0022764, FBgn0028671, FBgn0025823, FBgn0015394, FBgn0015394, FBgn0029163, FBgn0032586, FBgn0259745, FBgn0264307, FBgn0262467, FBgn0034366, FBgn0034366, FBgn0001226, FBgn0001226, FBgn0262319, FBgn0262319, FBgn0262319, FBgn0019985, FBgn0019985, FBgn0031424, FBgn0010399, FBgn0004619, FBgn0003687, FBgn0012051, FBgn0028694, FBgn0028694, FBgn0028694, FBgn0028694, FBgn0261084, FBgn0261084, FBgn0261084, FBgn0025790, FBgn0025790, FBgn0262859, FBgn0029939, FBgn0024961, FBgn0029163, FBgn0263106, FBgn0026439, FBgn0014020, FBgn0014020, FBgn0025373, FBgn0025373, FBgn0264357, FBgn0264357, FBgn0263782, FBgn0263782, FBgn0263782, FBgn0000108, FBgn0030141, FBgn0031057, FBgn0019947, FBgn0019947, FBgn0259833, FBgn0259833, FBgn0027083, FBgn0027083, FBgn0027083, FBgn0027095, FBgn0036053, FBgn0036053
DOID:12930	dilated cardiomyopathy	Congestive cardiomyopathy, Familial dilated cardiomyopathy, Idiopathic dilation cardiomyopathy, primary dilated cardiomyopathy	115200, 300069, 302045, 600884, 601154, 601493, 601494, 604145, 604288, 604765, 605362, 605582, 606685, 607482, 607487, 608569, 609909, 609915, 611407, 611615, 611878, 611879, 611880, 612158, 612877, 613122, 613172, 613252, 613286, 613424, 613426, 613642, 613694, 613697, 613740, 613881, 614672, 615184, 615235, 615916		FBgn0019947, FBgn0019947, FBgn0283471, FBgn0084473, FBgn0283471, FBgn0004117, FBgn0051665, FBgn0051665, FBgn0051665, FBgn0000463, FBgn0004197, FBgn0004197, FBgn0263006
DOID:1319	brain cancer	BT - Brain tumour, adult brain tumor, adult malignant brain neoplasm, brain neoplasm, brain neoplasm, adult, malignant brain tumour, malignant primary brain neoplasm, malignant primary brain tumor, malignant tumor of Brain, malignant tumor of adult brain, neoplasm of brain (disorder), neoplasm of unspecified nature of brain, neoplasm of unspecified nature of brain (disorder), primary brain neoplasm, primary brain tumor, primary malignant neoplasm of brain (disorder), tumor of the Brain			FBgn0000535, FBgn0000535, FBgn0010109, FBgn0003380
DOID:13372	alpha 1-antitrypsin deficiency	AAT deficiency	613490		FBgn0002930, FBgn0002930, FBgn0002930, FBgn0002930, FBgn0002930
DOID:13374	fibrodysplasia ossificans progressiva	Stone Man Syndrome, myositis ossificans progressiva, progressive myositis ossificans, progressive ossifying myositis	135100		FBgn0264608
DOID:13515	tuberous sclerosis	Bourneville's disease, Epiloia, Tuberose sclerosis, Tuberous sclerosis, Tuberous sclerosis syndrome (disorder), cerebral sclerosis	191100, 613254		FBgn0041191, FBgn0026317
DOID:1389	polyneuropathy	Polyneuropathy (disorder), Polyneuropathy unspecified, Polyneuropathy unspecified (disorder), Polyneuropathy, unspecified (disorder)			FBgn0262910
DOID:14175	von Hippel-Lindau disease	Hippel Lindau syndrome, Von Hippel-Lindau syndrome (VHL), Von Hippel-Lindau syndrome (disorder), von Hippel-Lindau syndrome	193300		FBgn0041174, FBgn0041174
DOID:14227	azoospermia	spermatogenic failure	102530, 108420, 243060, 258150, 270960, 309120, 415000, 606766, 612997, 613957, 613958, 614822, 615081, 615413, 615841, 615842		FBgn0031401, FBgn0020251, FBgn0035849, FBgn0030878, FBgn0030477, FBgn0032465, FBgn0032465, FBgn0000464
DOID:14261	fragile X syndrome	FRAGILE X MENTAL RETARDATION SYNDROME, MARKER X SYNDROME, MARTIN-BELL SYNDROME	300624		FBgn0028734, FBgn0028734, FBgn0028734, FBgn0028734, FBgn0019985, FBgn0000479, FBgn0000479, FBgn0028734, FBgn0028734, FBgn0028734, FBgn0028734, FBgn0028734, FBgn0028734, FBgn0028734, FBgn0028734, FBgn0265432, FBgn0028734, FBgn0028734, FBgn0264335, FBgn0259108, FBgn0028734, FBgn0025879, FBgn0035049, FBgn0028734, FBgn0028734, FBgn0033159, FBgn0033159, FBgn0028734, FBgn0019985, FBgn0028509, FBgn0028734, FBgn0028734, FBgn0028734, FBgn0028734
DOID:1432	blindness				FBgn0003656, FBgn0003656
DOID:14320	generalized anxiety disorder				FBgn0263116, FBgn0263116, FBgn0010414, FBgn0010414, FBgn0087012
DOID:14330	Parkinson's disease	Parkinson disease, paralysis agitans	168600, 260300, 300557, 556500, 602404, 605543, 606324, 606693, 606852, 607060, 607688, 610297, 612953, 613164, 613643, 614203, 614251, 615528, 615530		FBgn0026420, FBgn0262113, FBgn0041100, FBgn0029891, FBgn0029891, FBgn0029891, FBgn0029891, FBgn0026420, FBgn0029891, FBgn0038816, FBgn0041100, FBgn0029891, FBgn0041100, FBgn0029891, FBgn0041100, FBgn0029891, FBgn0029891, FBgn0029891, FBgn0029891, FBgn0041100, FBgn0029891, FBgn0262113, FBgn0029891, FBgn0029891, FBgn0029891, FBgn0041100, FBgn0029891, FBgn0029891, FBgn0029891, FBgn0029891, FBgn0041100, FBgn0029891, FBgn0029891, FBgn0038816, FBgn0262113, FBgn0262113, FBgn0026761, FBgn0026761, FBgn0037248, FBgn0034087, FBgn0034087, FBgn0034087, FBgn0283671, FBgn0041100, FBgn0041100, FBgn0010213, FBgn0000261, FBgn0261112, FBgn0024291, FBgn0024291, FBgn0038197, FBgn0010213, FBgn0261560, FBgn0019957, FBgn0026420, FBgn0026420, FBgn0262113, FBgn0262113, FBgn0038816, FBgn0038816, FBgn0026428, FBgn0038788, FBgn0041100, FBgn0010226, FBgn0010226, FBgn0010226, FBgn0010226, FBgn0010226, FBgn0041100, FBgn0029819, FBgn0029891, FBgn0283448, FBgn0041100, FBgn0029891, FBgn0020622, FBgn0027538, FBgn0026479, FBgn0262113, FBgn0019957, FBgn0019957, FBgn0019957, FBgn0019957, FBgn0019957, FBgn0030352, FBgn0041100, FBgn0026420, FBgn0011829, FBgn0029891, FBgn0262113, FBgn0267373, FBgn0036913, FBgn0041100, FBgn0041100, FBgn0010247, FBgn0263259, FBgn0262113, FBgn0026420, FBgn0026420, FBgn0026420, FBgn0262518, FBgn0029891, FBgn0026420, FBgn0067414, FBgn0026420, FBgn0026420, FBgn0026420, FBgn0033885, FBgn0029891, FBgn0026420, FBgn0067413, FBgn0067413, FBgn0041100, FBgn0262113, FBgn0262113, FBgn0262113, FBgn0262113, FBgn0041100, FBgn0026420, FBgn0026420, FBgn0026420, FBgn0029891, FBgn0039802, FBgn0026420, FBgn0262113, FBgn0015394, FBgn0067414, FBgn0262113, FBgn0262113, FBgn0262113, FBgn0029891, FBgn0041100, FBgn0026420, FBgn0026420, FBgn0026420, FBgn0026420, FBgn0026420, FBgn0026420, FBgn0026420, FBgn0262113, FBgn0262113, FBgn0262113, FBgn0262113, FBgn0026420, FBgn0026420, FBgn0026420, FBgn0026420, FBgn0029891, FBgn0026420, FBgn0029891, FBgn0038816, FBgn0041100, FBgn0026420, FBgn0025823, FBgn0026420, FBgn0262113, FBgn0041100, FBgn0026420, FBgn0262113, FBgn0046114, FBgn0046114, FBgn0000566, FBgn0010226, FBgn0010226, FBgn0015279, FBgn0015279, FBgn0003371, FBgn0003371, FBgn0015394, FBgn0266579, FBgn0029891, FBgn0029163, FBgn0266599, FBgn0024960, FBgn0086479, FBgn0086735, FBgn0067413, FBgn0035906, FBgn0026428, FBgn0026428, FBgn0026761, FBgn0035907, FBgn0262406, FBgn0011766, FBgn0262739, FBgn0011763, FBgn0039016, FBgn0039016, FBgn0262391, FBgn0015799, FBgn0040070, FBgn0011761, FBgn0011761, FBgn0011761, FBgn0029752, FBgn0261560, FBgn0034534, FBgn0262975, FBgn0038475, FBgn0038475, FBgn0265231, FBgn0265231, FBgn0031820, FBgn0261981, FBgn0261981, FBgn0261981, FBgn0260647, FBgn0261988, FBgn0041100, FBgn0067413, FBgn0264796, FBgn0010100, FBgn0010100, FBgn0026420, FBgn0026420, FBgn0026420, FBgn0263259, FBgn0266556, FBgn0000479, FBgn0262872, FBgn0003301, FBgn0039140, FBgn0022382, FBgn0000273, FBgn0067413, FBgn0041100, FBgn0040305, FBgn0040305, FBgn0040305, FBgn0086888, FBgn0002868, FBgn0031006, FBgn0031006, FBgn0031006, FBgn0031006, FBgn0033935, FBgn0033935, FBgn0003744, FBgn0003744, FBgn0003744, FBgn0003744, FBgn0003744, FBgn0003744, FBgn0041100, FBgn0041100, FBgn0041100, FBgn0041100, FBgn0041100, FBgn0026420, FBgn0026761, FBgn0264796, FBgn0029891, FBgn0086479, FBgn0067413, FBgn0026420, FBgn0026420, FBgn0022764, FBgn0067413, FBgn0023169, FBgn0023169, FBgn0023169, FBgn0022338, FBgn0029891, FBgn0261014, FBgn0026479, FBgn0026420, FBgn0262113, FBgn0002567, FBgn0002567, FBgn0262113, FBgn0262113, FBgn0262113, FBgn0262113, FBgn0262113, FBgn0267373, FBgn0026420, FBgn0015394, FBgn0015394, FBgn0000229, FBgn0000229, FBgn0010379, FBgn0010379, FBgn0017581, FBgn0035483, FBgn0026420, FBgn0026420, FBgn0026420, FBgn0024960, FBgn0283526, FBgn0283526, FBgn0283526, FBgn0034708, FBgn0034708, FBgn0034708, FBgn0034708, FBgn0034708, FBgn0034708, FBgn0041100, FBgn0029891, FBgn0051148, FBgn0026420, FBgn0001089, FBgn0026420, FBgn0026420, FBgn0041100, FBgn0028375, FBgn0028375, FBgn0028375, FBgn0028375, FBgn0023517, FBgn0023517, FBgn0041100, FBgn0041100, FBgn0029891, FBgn0041100, FBgn0041100, FBgn0263205, FBgn0029891, FBgn0030872, FBgn0041100
DOID:1440	Machado-Joseph disease	Azorean disease (disorder), MJD, spinocerebellar ataxia 3, spinocerebellar ataxia type 3	109150		FBgn0024961, FBgn0024961, FBgn0024961, FBgn0024961, FBgn0024961, FBgn0024961, FBgn0024961, FBgn0024961, FBgn0010333, FBgn0010333, FBgn0267698, FBgn0026777, FBgn0031882, FBgn0027087, FBgn0035145, FBgn0033688, FBgn0017430, FBgn0027494, FBgn0040534, FBgn0023174, FBgn0028691, FBgn0000181, FBgn0263398, FBgn0013997, FBgn0010317, FBgn0032010, FBgn0261787, FBgn0027567, FBgn0263251, FBgn0039066, FBgn0031803, FBgn0045064, FBgn0033828, FBgn0002570, FBgn0004855, FBgn0037218, FBgn0037734, FBgn0259178, FBgn0266599, FBgn0266599, FBgn0001105, FBgn0035293, FBgn0036838, FBgn0035207, FBgn0031187, FBgn0031077, FBgn0028932, FBgn0027378, FBgn0011762, FBgn0001216, FBgn0037433, FBgn0038247, FBgn0000414, FBgn0004838, FBgn0265998, FBgn0261800, FBgn0038145, FBgn0036621, FBgn0034598, FBgn0024352, FBgn0034704, FBgn0028387, FBgn0010531, FBgn0038118, FBgn0037578, FBgn0025641, FBgn0053128, FBgn0259680, FBgn0264339, FBgn0001222, FBgn0039595, FBgn0038799, FBgn0031460, FBgn0264324, FBgn0039769, FBgn0265276, FBgn0029870, FBgn0033547, FBgn0033062, FBgn0030951, FBgn0030207, FBgn0024961, FBgn0024961, FBgn0024961, FBgn0024961, FBgn0024961, FBgn0024961, FBgn0024961, FBgn0040070, FBgn0011761, FBgn0029752, FBgn0032586, FBgn0264307, FBgn0034091, FBgn0259745, FBgn0259745, FBgn0259745, FBgn0259745, FBgn0020497, FBgn0020497, FBgn0263106, FBgn0263106, FBgn0027572, FBgn0031037, FBgn0029856, FBgn0016756, FBgn0035830, FBgn0001230, FBgn0067779, FBgn0067779, FBgn0022764, FBgn0262735, FBgn0030505, FBgn0030505, FBgn0037659, FBgn0025608, FBgn0029163, FBgn0266599, FBgn0020497, FBgn0020497, FBgn0029131, FBgn0029131, FBgn0040491, FBgn0032447, FBgn0032447, FBgn0032447, FBgn0036257, FBgn0038271, FBgn0010100, FBgn0024319, FBgn0020258, FBgn0030092, FBgn0024961, FBgn0024961, FBgn0013762, FBgn0003687, FBgn0003687
DOID:14503	neuronal ceroid lipofuscinosis	hereditary ceroid lipofuscinosis, neuronal ceroid lipofuscinosis (disorder)	162350, 204200, 204300, 204500, 256730, 256731, 600143, 601780, 609055, 610003, 610127, 610951, 614706, 615362		FBgn0029093, FBgn0030057, FBgn0030057, FBgn0029093, FBgn0040918, FBgn0003392, FBgn0020653, FBgn0263782, FBgn0266599, FBgn0021796, FBgn0030521
DOID:14504	Niemann-Pick disease	NIEMANN-PICK DISEASE WITH CHOLESTEROL ESTERIFICATION BLOCK, NIEMANN-PICK DISEASE, SUBACUTE JUVENILE FORM, Niemann-Pick disease type A, Niemann-Pick disease type B, Niemann-Pick disease type C, SPHINGOMYELIN LIPIDOSIS, Sphingomyelinase Deficiency Disease, Type A Niemann-Pick Disease, lipoid histiocytosis (classical phosphatide)	257200, 257220, 607616, 607625		FBgn0024320, FBgn0024320, FBgn0031381, FBgn0038198
DOID:14566	disease of cellular proliferation	cell process disease			FBgn0003205, FBgn0263289, FBgn0003205, FBgn0001624, FBgn0015279, FBgn0019972, FBgn0026404, FBgn0003997, FBgn0010909, FBgn0000229, FBgn0004198
DOID:14702	branchiootorenal syndrome	Branchio-Oto-renal syndrome, Branchio-otorenal dysplasia, Melnick-Fraser syndrome (disorder), branchiootorenal dysplasia	113650, 610896		FBgn0000320, FBgn0000320, FBgn0000320
DOID:14717	centronuclear myopathy	myotubular myopathy	160150, 255200, 310400, 614408, 614807, 615959		FBgn0283513, FBgn0283513, FBgn0283513
DOID:14784	olivopontocerebellar atrophy	Dejerine-Thomas syndrome, Thomas' syndrome, WADIA-SWAMI SYNDROME			FBgn0026422, FBgn0026422, FBgn0026422, FBgn0267831, FBgn0011817, FBgn0026422, FBgn0086683, FBgn0263106, FBgn0001218, FBgn0011217, FBgn0086792, FBgn0022764, FBgn0003415, FBgn0024291, FBgn0040071, FBgn0263995, FBgn0003165, FBgn0003165, FBgn0020238, FBgn0020238, FBgn0020238, FBgn0026375, FBgn0260635, FBgn0260635, FBgn0001234, FBgn0035471, FBgn0015805, FBgn0020496, FBgn0010226, FBgn0261552, FBgn0261552, FBgn0033247, FBgn0010379, FBgn0010379, FBgn0262737, FBgn0262737, FBgn0267975, FBgn0267975, FBgn0029899, FBgn0015279
DOID:14791	Leber congenital amaurosis	LCA, Leber congenital amaurosis type 13, Leber congenital amaurosis type 14, Leber's amaurosis, Leber's congenital amaurosis, Leber's disease	204000, 204100, 604232, 604393, 604537, 608553, 610612, 611755, 612712, 613341, 613826, 613829, 613835, 613837, 614186, 615360		FBgn0259685, FBgn0259685
DOID:1498	cholera	(Cholera) or (Vibrio cholerae), Cholera - Vibrio cholerae (disorder), Cholera due to Vibrio cholerae			FBgn0083118, FBgn0015790
DOID:162	cancer	malignant neoplasm, malignant tumor , primary cancer			FBgn0011829, FBgn0000463, FBgn0003205, FBgn0000173, FBgn0000173, FBgn0243512, FBgn0003205, FBgn0266674, FBgn0266674, FBgn0266674, FBgn0266671, FBgn0266672, FBgn0026323, FBgn0015799, FBgn0262656, FBgn0015279, FBgn0011202, FBgn0260635, FBgn0003391, FBgn0003514, FBgn0002121, FBgn0002121, FBgn0000229, FBgn0003205, FBgn0262733, FBgn0039044, FBgn0262656, FBgn0011829, FBgn0262511, FBgn0262511, FBgn0000629, FBgn0283521, FBgn0015805, FBgn0000463, FBgn0263102, FBgn0263755, FBgn0022764, FBgn0000463, FBgn0000229, FBgn0010433, FBgn0010433, FBgn0010433, FBgn0283521, FBgn0010316, FBgn0040303, FBgn0001291, FBgn0263102, FBgn0020622, FBgn0029970, FBgn0011829, FBgn0263009, FBgn0263289, FBgn0033029, FBgn0033029, FBgn0033029, FBgn0263289, FBgn0262081, FBgn0004861, FBgn0014343, FBgn0014343, FBgn0040232, FBgn0027259, FBgn0001257, FBgn0003205, FBgn0263102, FBgn0003731, FBgn0000490, FBgn0004009, FBgn0267911, FBgn0267911, FBgn0011648, FBgn0085432, FBgn0003205, FBgn0263289, FBgn0263289, FBgn0003391, FBgn0002121, FBgn0001624, FBgn0000163, FBgn0261873, FBgn0010341, FBgn0003205, FBgn0000229, FBgn0000482, FBgn0000482, FBgn0000482, FBgn0000257, FBgn0261241, FBgn0003205, FBgn0263289, FBgn0004956, FBgn0004956, FBgn0030904, FBgn0030904, FBgn0053542, FBgn0043903, FBgn0016917, FBgn0000229
DOID:1686	glaucoma				FBgn0066108, FBgn0066108, FBgn0066108, FBgn0066108, FBgn0066108, FBgn0066108
DOID:1826	epilepsy syndrome	epilepsy, epileptic syndrome			FBgn0261794, FBgn0264255, FBgn0000536, FBgn0263111, FBgn0264255, FBgn0031039, FBgn0031039, FBgn0264255, FBgn0015541, FBgn0003710, FBgn0264255, FBgn0015371, FBgn0250823, FBgn0250823, FBgn0261794, FBgn0261794, FBgn0261794, FBgn0036279, FBgn0036279, FBgn0015541, FBgn0000536, FBgn0264255, FBgn0015541, FBgn0264255, FBgn0000536, FBgn0015541, FBgn0003714, FBgn0264255, FBgn0261794, FBgn0262554, FBgn0261794, FBgn0004244, FBgn0004516
DOID:1838	Menkes disease	COPPER TRANSPORT DISEASE, Menkes kinky-hair syndrome (disorder), steely hair syndrome	309400		FBgn0030343, FBgn0030343, FBgn0030343, FBgn0040305
DOID:1852	intrahepatic cholestasis	intrahepatic cholestasis of pregnancy	147480, 211600, 243300, 601847, 602347, 605479, 614972, 615878		FBgn0037989, FBgn0037989, FBgn0037989, FBgn0037989, FBgn0037989
DOID:1926	Gaucher's disease	Gaucher disease, acid beta-glucosidase deficiency, glocucerebrosidase deficiency, glucosylceramide beta-glucosidase deficiency, kerasin thesaurismosis, lipoid histiocytosis (kerasin type)	230800, 230900, 231000, 608013, 610539		FBgn0266528, FBgn0266528, FBgn0051414, FBgn0051148, FBgn0266528
DOID:1928	Williams-Beuren syndrome	Fanconi Schlesinger syndrome	194050		FBgn0283712
DOID:1932	Angelman syndrome	happy puppet syndrome, puppetlike syndrome	105830		FBgn0061469, FBgn0061469
DOID:1969	cerebral palsy	infantile cerebral palsy			FBgn0263391, FBgn0263391, FBgn0263391
DOID:2129	atypical teratoid rhabdoid tumor	AT/RT, Atypical teratoid/rhabdoid tumor (morphologic abnormality), Rhabdoid tumor of the CNS, rhabdoid tumor predisposition syndrome	609322		FBgn0004859, FBgn0010315, FBgn0086384, FBgn0262127, FBgn0004583, FBgn0011715
DOID:231	motor neuron disease				FBgn0001308, FBgn0001108, FBgn0029687, FBgn0001108
DOID:2394	ovarian cancer	malignant Ovarian tumor, malignant tumour of ovary, ovarian neoplasm, ovary neoplasm, primary ovarian cancer, tumor of the Ovary	167000, 607893		FBgn0034970, FBgn0250745
DOID:2476	hereditary spastic paraplegia	HSMN V, familial spastic paraplegia, spastic paraplegia	182600, 182601, 270685, 270700, 270750, 270800, 275900, 300266, 300750, 312920, 600146, 600363, 601162, 603563, 604187, 604360, 604805, 605229, 605280, 607152, 607259, 607584, 608220, 609041, 609195, 609340, 609727, 610244, 610250, 610357, 611225, 611252, 611945, 612020, 612319, 612335, 612539, 612936, 613096, 613162, 613206, 613364, 613647, 613744, 614066, 614067, 614409, 614898, 615030, 615031, 615033, 615035, 615043, 615625, 615658, 615683, 615685, 615686		FBgn0039141, FBgn0039213, FBgn0003656, FBgn0003656, FBgn0003656, FBgn0039141, FBgn0039141, FBgn0001308, FBgn0267002, FBgn0263736, FBgn0263736, FBgn0039141, FBgn0039141, FBgn0039141, FBgn0039141, FBgn0039141, FBgn0039141, FBgn0263736, FBgn0263736, FBgn0263736, FBgn0263736, FBgn0263736, FBgn0044826, FBgn0044826, FBgn0053113, FBgn0039141, FBgn0263736, FBgn0263736
DOID:2531	hematologic cancer	Hematologic malignancy, Hematologic malignancy (disorder), Hematologic neoplasm (disorder), Hematological tumors, blood cancer, hematopoietic and lymphoid system tumor, hematopoietic cancer, hematopoietic neoplasm (morphologic abnormality), hematopoietic tumors, malignant hematopoietic neoplasm (morphologic abnormality)			FBgn0004198, FBgn0004198, FBgn0004864, FBgn0000163, FBgn0000163, FBgn0034221, FBgn0034870, FBgn0030234, FBgn0030309, FBgn0028514, FBgn0010223, FBgn0260745, FBgn0053207, FBgn0016917, FBgn0010223, FBgn0010223, FBgn0010223, FBgn0004864, FBgn0016917, FBgn0016917, FBgn0016917, FBgn0003963, FBgn0014020, FBgn0004864
DOID:2742	auditory system disease	Destruction - ear drum, Unspecified disorder of ear, disorder of ear (disorder), ear and mastoid disease, ear disease, ear disorder, ear disorder NOS, ear disorder NOS (disorder)			FBgn0000317, FBgn0000317
DOID:2843	long QT syndrome	LQT, Romano-Ward syndrome, Romano-Ward syndrome (disorder), long Q-T syndrome	170390, 192500, 601005, 603830, 611818, 611819, 611820, 612955, 613485, 613688, 613693, 613695		FBgn0033494, FBgn0033494
DOID:2914	immune system disease				FBgn0085424
DOID:2935	Chediak-Higashi syndrome	CHS, Chediak - Steinbrinck anomaly	214500		FBgn0265988
DOID:2960	photosensitive trichothiodystrophy	IBIDS syndrome, Tay syndrome, sulfur-deficient brittle hair syndrome, trichothiodystrophy, trichothiodystrophy with congenital ichthyosis	601675		FBgn0261850, FBgn0261850, FBgn0261850
DOID:2962	Cockayne syndrome	Cockayne's syndrome	133540, 216400, 216411		FBgn0001179, FBgn0001179, FBgn0001179, FBgn0261850, FBgn0261850, FBgn0261850
DOID:305	carcinoma	epithelioma, malignant Epithelioma			FBgn0002121, FBgn0034970, FBgn0003071
DOID:3119	gastrointestinal system cancer	GI tumor, digestive system cancer, gastrointestinal tract cancer			FBgn0015589, FBgn0026598, FBgn0003371, FBgn0085432, FBgn0043900, FBgn0003731, FBgn0003205, FBgn0003205, FBgn0003079, FBgn0010303, FBgn0003391
DOID:3146	lipid metabolism disorder	dyslipidemia, fatty acid metabolism disorder			FBgn0028479, FBgn0025352
DOID:3191	nemaline myopathy	Nemaline body disease, nemaline rod myopathy, rod myopathy	161800, 256030, 605355, 609273, 609284, 609285, 610687, 615348, 615731, 616165		FBgn0000047, FBgn0004169
DOID:3211	lysosomal storage disease	disorder of lysosomal enzyme (disorder), inborn lysosomal enzyme disorder, lysosomal storage metabolism disorder			FBgn0030141
DOID:332	amyotrophic lateral sclerosis	ALS, Lou Gehrig's disease, motor neuron disease, bulbar	105400, 205100, 205200, 602433, 608030, 611895, 612069, 612577, 613435		FBgn0261084, FBgn0261084, FBgn0029687, FBgn0261084, FBgn0029687, FBgn0029687, FBgn0029687, FBgn0004373, FBgn0267350, FBgn0259108, FBgn0261084, FBgn0261084, FBgn0261084, FBgn0261014, FBgn0261014, FBgn0261014, FBgn0011571, FBgn0011571, FBgn0261084, FBgn0011571, FBgn0011571, FBgn0011571, FBgn0263319, FBgn0263319, FBgn0263319, FBgn0263319, FBgn0263319, FBgn0011571, FBgn0267251, FBgn0267251, FBgn0267251, FBgn0037327, FBgn0005649, FBgn0034948, FBgn0267931, FBgn0267931, FBgn0265297, FBgn0265297, FBgn0024960, FBgn0263319, FBgn0263319, FBgn0263319, FBgn0263319, FBgn0011571, FBgn0024960, FBgn0024960, FBgn0024960, FBgn0003462, FBgn0003462, FBgn0029687, FBgn0261084, FBgn0263319, FBgn0263319, FBgn0263319, FBgn0264858, FBgn0264858, FBgn0264858, FBgn0261084, FBgn0261084, FBgn0025790, FBgn0025790, FBgn0025790, FBgn0025790, FBgn0261084, FBgn0263205, FBgn0024960, FBgn0029163, FBgn0023174, FBgn0014459, FBgn0259833, FBgn0261084, FBgn0261084, FBgn0261084, FBgn0041188, FBgn0041188, FBgn0261084, FBgn0010051, FBgn0010051, FBgn0010051, FBgn0261084, FBgn0025790, FBgn0003525, FBgn0000463, FBgn0004197, FBgn0003462, FBgn0022361, FBgn0267251, FBgn0037116, FBgn0261084, FBgn0025790, FBgn0025790, FBgn0013343, FBgn0261084, FBgn0261084, FBgn0261084, FBgn0261084, FBgn0261084, FBgn0261084, FBgn0261084, FBgn0261084, FBgn0268002, FBgn0267251, FBgn0267251, FBgn0267251, FBgn0268004, FBgn0268005, FBgn0268005, FBgn0268006, FBgn0268006, FBgn0029157, FBgn0021796, FBgn0021796, FBgn0034310, FBgn0039677, FBgn0029827, FBgn0016684, FBgn0037555, FBgn0030718, FBgn0283472, FBgn0260945, FBgn0026317, FBgn0005198, FBgn0266524, FBgn0000568, FBgn0004865, FBgn0261084, FBgn0261084, FBgn0024960, FBgn0263319, FBgn0263319, FBgn0025790, FBgn0261084, FBgn0261084, FBgn0261084, FBgn0261084, FBgn0025790, FBgn0025790, FBgn0011571, FBgn0011571, FBgn0261084, FBgn0003371, FBgn0085451, FBgn0085451, FBgn0085451, FBgn0028974, FBgn0028974
DOID:3429	inclusion body myositis	Distal Myopathy with Rimmed Vacuoles (DMRV), Distal myopathy, Nonaka type, HIBM, Hereditary Inclusion Body Myopathy, IBM-3, IBM2, Nonaka Myopathy, Nonaka myopathy, inclusion body myopathy 2, inclusion body myopathy 3	147421, 600737, 605637, 605820		FBgn0264695, FBgn0025823, FBgn0067413
DOID:3490	Noonan syndrome	Turner's phenotype, karyotype normal (disorder)	163950, 605275, 609942, 610733, 611553, 613224, 613706, 615355		FBgn0034970, FBgn0016671, FBgn0036373
DOID:3534	Lafora disease	Lafora Progressive Myoclonic Epilepsy, Lafora disease (disorder), Lafora's disease, MYOCLONIC EPILEPSY OF LAFORA	254780		FBgn0265971
DOID:3652	Leigh disease	Infantile necrotizing encephalomyelopathy, Leigh syndrome, juvenile subacute necrotizing encephalomyelopathy, subacute necrotizing encephalomyelopathy	220111, 256000, 308930		FBgn0027794, FBgn0027794, FBgn0034708, FBgn0029117, FBgn0030352, FBgn0030352, FBgn0030352, FBgn0030352, FBgn0030352, FBgn0030352, FBgn0019957
DOID:3753	Hermansky-Pudlak syndrome	HPS (Hermansky Pudlak syndrome)	203300, 608233, 614072, 614073, 614074, 614075, 614076, 614077, 614171		FBgn0050077, FBgn0050077, FBgn0015790, FBgn0001087, FBgn0002567, FBgn0000330, FBgn0003210, FBgn0037218, FBgn0037218
DOID:3762	cytochrome-c oxidase deficiency disease	MITOCHONDRIAL COMPLEX IV DEFICIENCY	220110		FBgn0262467, FBgn0039044, FBgn0039044, FBgn0039044, FBgn0014459, FBgn0260635, FBgn0266708
DOID:3783	Coffin-Lowry syndrome	Coffin-Lowry syndrome (disorder)	303600		FBgn0262866
DOID:3911	progeria	HGPS, Hutchinson Gilford syndrome, Hutchinson-Gilford Progeria syndrome, Hutchinson-Gilford disease, Hutchinson-Gilford syndrome (disorder), Progeria (disorder), Progeria syndrome (disorder) [Ambiguous]	176670		FBgn0265359, FBgn0265359
DOID:3981	pantothenate kinase-associated neurodegeneration	Hallervorden-Spatz disease, Hallervorden-Spatz syndrome, Pigmentary pallidal degeneration (disorder), brain Iron Accumulation type I syndrome, neurodegeneration with brain iron accumulation 1 	234200, 256600, 300894, 606159, 610217, 614298, 615643		FBgn0011205, FBgn0011205, FBgn0262347, FBgn0262348, FBgn0262349
DOID:4051	alveolar rhabdomyosarcoma	Alveolar Rhabdomyosarcoma, Alveolar rhabdomyosarcoma (disorder), Alveolar rhabdomyosarcoma (morphologic abnormality), alveolar childhood rhabdomyosarcoma, pediatric Alveolar Rhabdomyosarcoma	268220		FBgn0086653, FBgn0086653, FBgn0086653, FBgn0003205, FBgn0003205, FBgn0003205, FBgn0003205, FBgn0041096, FBgn0011656, FBgn0002643, FBgn0002643
DOID:422	congenital structural myopathy				FBgn0000047, FBgn0000047, FBgn0000047, FBgn0000047, FBgn0000047
DOID:423	myopathy				FBgn0264695, FBgn0001215, FBgn0034091, FBgn0265229, FBgn0010397, FBgn0010397, FBgn0010397, FBgn0010397, FBgn0264801, FBgn0264801, FBgn0264801, FBgn0000253, FBgn0000253, FBgn0260660, FBgn0000047, FBgn0000047, FBgn0000047, FBgn0000047, FBgn0000047, FBgn0000047, FBgn0000047, FBgn0025742, FBgn0027594, FBgn0027594, FBgn0000299
DOID:4252	Alexander disease	Alexander's disease, Alexander's disease (disorder)	203450		FBgn0265620, FBgn0001225, FBgn0001226, FBgn0265621, FBgn0000261, FBgn0000261, FBgn0024960, FBgn0003462, FBgn0020429
DOID:4448	macular degeneration	Macular degeneration of retina			FBgn0265260
DOID:4479	pseudohypoaldosteronism				FBgn0037098, FBgn0037098
DOID:450	myotonic disease				FBgn0265056, FBgn0064239
DOID:4627	ideomotor apraxia	Classic apraxia (finding) [Ambiguous], Ideomotor dyspraxia (disorder), Limb-kinetic apraxia (finding), Transcortical apraxia (finding)			FBgn0262477, FBgn0262477
DOID:535	sleep disorder	Non-organic sleep disorder			FBgn0044048, FBgn0283499
DOID:5419	schizophrenia	schizophrenia-1	181500, 181510, 600511, 600850, 603013, 603175, 603176, 603206, 603342, 604906, 605419, 608078, 608543, 612361, 613025, 613950, 613959, 615232		FBgn0036819, FBgn0050077, FBgn0050077, FBgn0050077, FBgn0036819, FBgn0000346
DOID:543	dystonia	dystonic disease			FBgn0025615, FBgn0025615, FBgn0025615
DOID:557	kidney disease	nephropathy			FBgn0262733, FBgn0024189, FBgn0024189, FBgn0028369, FBgn0028369, FBgn0030993, FBgn0025686, FBgn0052702, FBgn0010333, FBgn0010341
DOID:5614	eye disease				FBgn0000320, FBgn0000320, FBgn0000320, FBgn0000320, FBgn0000320, FBgn0000320
DOID:5688	Werner syndrome	WS, Werner's syndrome, adult premature ageing syndrome, adult progeria	277700		FBgn0037901, FBgn0038608
DOID:5723	optic atrophy	atrophy of optic disc	165300, 165500, 258500, 311050, 605293, 610708		FBgn0261276, FBgn0261276
DOID:612	primary immunodeficiency disease	hypoimmunity, immune deficiency disorder, immunodeficiency syndrome	242850		FBgn0262473, FBgn0262473
DOID:649	prion disease	Prion disease pathway, Prion protein disease, Spongiform Encephalopathy, prion induced disorder, transmissible spongiform encephalopathy			FBgn0019963, FBgn0086496, FBgn0266090, FBgn0086496, FBgn0019963, FBgn0086496, FBgn0265615, FBgn0265615, FBgn0029163
DOID:680	tauopathy				FBgn0015394, FBgn0015394, FBgn0015394, FBgn0015394, FBgn0015394, FBgn0015394, FBgn0015394, FBgn0015394, FBgn0015394, FBgn0015394, FBgn0015394, FBgn0015394, FBgn0015394, FBgn0015394, FBgn0015394, FBgn0015394, FBgn0015394, FBgn0015394, FBgn0039044, FBgn0039044, FBgn0027356, FBgn0027356, FBgn0024814, FBgn0000319, FBgn0000319, FBgn0086913, FBgn0086913, FBgn0086913, FBgn0261090, FBgn0261090, FBgn0266579, FBgn0015394, FBgn0004648, FBgn0001087, FBgn0034240, FBgn0015394, FBgn0015394, FBgn0015394, FBgn0262737, FBgn0015394, FBgn0015394, FBgn0015394, FBgn0015394, FBgn0015394, FBgn0015394, FBgn0015394, FBgn0015394, FBgn0015394, FBgn0015394, FBgn0015394, FBgn0015394, FBgn0015394, FBgn0015394, FBgn0015394, FBgn0015394, FBgn0015394, FBgn0015394, FBgn0015394, FBgn0015394, FBgn0015394, FBgn0015394, FBgn0015394, FBgn0015394, FBgn0015394, FBgn0015394, FBgn0015394, FBgn0015394, FBgn0015394, FBgn0015394, FBgn0015394, FBgn0015394, FBgn0015394, FBgn0015394, FBgn0015394, FBgn0015394, FBgn0015394, FBgn0015394, FBgn0015394, FBgn0015394, FBgn0015394, FBgn0015394, FBgn0015394, FBgn0015394, FBgn0015394, FBgn0015394, FBgn0015394, FBgn0015394, FBgn0014446, FBgn0015394, FBgn0014447, FBgn0015394, FBgn0015394, FBgn0015394, FBgn0015394, FBgn0011726, FBgn0000042, FBgn0000042, FBgn0024961, FBgn0086676, FBgn0003371, FBgn0000499, FBgn0015394, FBgn0015394, FBgn0026428, FBgn0015247, FBgn0000117, FBgn0000117, FBgn0000117, FBgn0014459, FBgn0003371, FBgn0003371, FBgn0085432, FBgn0260635, FBgn0086365, FBgn0086365, FBgn0041188, FBgn0027492, FBgn0031968, FBgn0004876, FBgn0034933, FBgn0036428, FBgn0028734, FBgn0003525, FBgn0003525, FBgn0003525, FBgn0003525, FBgn0014141, FBgn0260934, FBgn0260934, FBgn0002673, FBgn0000097, FBgn0016081, FBgn0016081, FBgn0069438, FBgn0260635, FBgn0260635, FBgn0260635, FBgn0043454, FBgn0031030, FBgn0264560, FBgn0021760, FBgn0016078, FBgn0263930, FBgn0034542, FBgn0032586, FBgn0259745, FBgn0027572, FBgn0029856, FBgn0262735, FBgn0038167, FBgn0012051, FBgn0012051, FBgn0025866, FBgn0025866, FBgn0019686, FBgn0010382, FBgn0041191, FBgn0014459, FBgn0005198, FBgn0010316, FBgn0260934, FBgn0029093, FBgn0260934, FBgn0003371, FBgn0000404, FBgn0010316, FBgn0004106, FBgn0015799, FBgn0015394, FBgn0262872, FBgn0262872, FBgn0260934, FBgn0015394, FBgn0015394, FBgn0261243, FBgn0261243, FBgn0029687, FBgn0026250, FBgn0010225, FBgn0029870, FBgn0029870, FBgn0024273, FBgn0003514, FBgn0026479, FBgn0026479, FBgn0265434, FBgn0261276, FBgn0262111, FBgn0032447, FBgn0025823, FBgn0003371, FBgn0015394, FBgn0015394, FBgn0015394, FBgn0015394, FBgn0015394, FBgn0015394, FBgn0015394, FBgn0015394, FBgn0266463, FBgn0267369, FBgn0262376, FBgn0261564, FBgn0261564, FBgn0261564, FBgn0261564, FBgn0268062, FBgn0262376, FBgn0015394, FBgn0015394, FBgn0015394, FBgn0015394, FBgn0024960, FBgn0024960, FBgn0037329, FBgn0015394, FBgn0015394, FBgn0015394, FBgn0001108, FBgn0051072, FBgn0013812, FBgn0031452, FBgn0031452, FBgn0036838, FBgn0261792, FBgn0043455, FBgn0001086, FBgn0004868, FBgn0026192, FBgn0052442, FBgn0021825, FBgn0003884, FBgn0003884, FBgn0087040, FBgn0040285, FBgn0001087, FBgn0023212, FBgn0031260, FBgn0023175, FBgn0032725, FBgn0037475, FBgn0037379, FBgn0038107, FBgn0035142, FBgn0052666, FBgn0039464, FBgn0265623, FBgn0265623, FBgn0264078, FBgn0039728, FBgn0039728, FBgn0039728, FBgn0030836, FBgn0265192, FBgn0265192, FBgn0051713, FBgn0262736, FBgn0262736, FBgn0022097, FBgn0036932, FBgn0040206, FBgn0000414, FBgn0017482, FBgn0017482, FBgn0034849, FBgn0010226, FBgn0036927, FBgn0033753, FBgn0265974, FBgn0033760, FBgn0052479, FBgn0261859, FBgn0028746, FBgn0050418, FBgn0026326, FBgn0085408, FBgn0085408, FBgn0051259, FBgn0039461, FBgn0010303, FBgn0036104, FBgn0263346, FBgn0052351, FBgn0052351, FBgn0031183, FBgn0031886, FBgn0263392, FBgn0263392, FBgn0263392, FBgn0023531, FBgn0023531, FBgn0035027, FBgn0031630, FBgn0031630, FBgn0033206, FBgn0040228, FBgn0031050, FBgn0002413, FBgn0015394, FBgn0004889, FBgn0267791, FBgn0016126, FBgn0040233, FBgn0001994, FBgn0015925, FBgn0010382, FBgn0030276, FBgn0020443, FBgn0036974, FBgn0042641, FBgn0262743, FBgn0001197, FBgn0024352, FBgn0261239, FBgn0004378, FBgn0015402, FBgn0262519, FBgn0002707, FBgn0024329, FBgn0034650, FBgn0264975, FBgn0015521, FBgn0260934, FBgn0016693, FBgn0000100, FBgn0014028, FBgn0003371, FBgn0003435, FBgn0016983, FBgn0052675, FBgn0011837, FBgn0010812, FBgn0010812, FBgn0262512, FBgn0011431, FBgn0011390, FBgn0024530, FBgn0024563, FBgn0262872
DOID:699	mitochondrial myopathy	mitochondrial cytopathy (disorder)	251900		FBgn0260660
DOID:700	mitochondrial metabolism disease				FBgn0003360, FBgn0017566, FBgn0013680, FBgn0039689, FBgn0039689, FBgn0263205, FBgn0013674, FBgn0013674, FBgn0027083, FBgn0027083, FBgn0027083, FBgn0035064, FBgn0035064
DOID:8466	retinal degeneration	RETINA degeneration, degeneration of retina			FBgn0004102, FBgn0021825, FBgn0015797, FBgn0262467, FBgn0004363, FBgn0250838, FBgn0261955, FBgn0028325, FBgn0030352, FBgn0002940, FBgn0262738, FBgn0013770, FBgn0013770, FBgn0264612, FBgn0264612, FBgn0264612, FBgn0264612, FBgn0000115, FBgn0031414, FBgn0259210
DOID:854	collagen disease	collagen disorder			FBgn0003392, FBgn0039776, FBgn0000250, FBgn0262473
DOID:8568	infectious mononucleosis	Filatov's disease, Gammaherpesviral mononucleosis (disorder), Monocytic angina, Pfeiffer's disease, Pfeiffer's disease (disorder), glandular fever, mononucleosis			FBgn0084074, FBgn0267670, FBgn0084074, FBgn0084074, FBgn0084074, FBgn0025790, FBgn0085408, FBgn0023172, FBgn0267727, FBgn0023081, FBgn0000308, FBgn0035073, FBgn0032821, FBgn0263144, FBgn0264855, FBgn0040064, FBgn0020620, FBgn0010488, FBgn0262743, FBgn0013764, FBgn0031952, FBgn0262114, FBgn0020618, FBgn0041789, FBgn0020307, FBgn0008635, FBgn0020238, FBgn0261983, FBgn0002431, FBgn0263289, FBgn0015799, FBgn0010316, FBgn0024248, FBgn0000150, FBgn0021796, FBgn0021796, FBgn0003205, FBgn0011706, FBgn0039044, FBgn0001624, FBgn0041171, FBgn0014010, FBgn0014010, FBgn0086384, FBgn0283499, FBgn0011766, FBgn0262081, FBgn0010300, FBgn0010300, FBgn0004907, FBgn0004907, FBgn0267670, FBgn0021796, FBgn0021796
DOID:8712	neurofibromatosis	Acoustic neurofibromatosis, Neurofibromatosis 1, Recklinghausen's neurofibromatosis, central Neurofibromatosis, neurofibromatosis type 1, neurofibromatosis type 2, neurofibromatosis type 4, neurofibromatosis type IV , peripheral Neurofibromatosis, type IV neurofibromatosis of riccardi, von Reklinghausen disease	101000, 162200, 162210, 162260, 162270		FBgn0015269, FBgn0015269, FBgn0000479, FBgn0000479, FBgn0000479, FBgn0000479, FBgn0032151, FBgn0032151, FBgn0032151, FBgn0086677, FBgn0086677, FBgn0031005, FBgn0031107, FBgn0000482, FBgn0023388, FBgn0023388, FBgn0023388, FBgn0029762, FBgn0011829, FBgn0260400, FBgn0260400, FBgn0032782, FBgn0032782, FBgn0000257, FBgn0000257, FBgn0259231, FBgn0000077, FBgn0000077, FBgn0015273, FBgn0015273, FBgn0015273, FBgn0015273, FBgn0000273, FBgn0000273, FBgn0000273, FBgn0040505, FBgn0040505, FBgn0040505, FBgn0021818, FBgn0021818, FBgn0021818, FBgn0261268, FBgn0010269, FBgn0010269, FBgn0010269, FBgn0003116, FBgn0000150, FBgn0015269, FBgn0015269, FBgn0003079, FBgn0003205, FBgn0003256, FBgn0003969, FBgn0040505, FBgn0040505, FBgn0040505, FBgn0040505
DOID:890	mitochondrial encephalomyopathy				FBgn0013672, FBgn0013672, FBgn0034877
DOID:8927	learning disability	Academic skill disorder, learning disorder			FBgn0061469, FBgn0061469, FBgn0061469, FBgn0061469, FBgn0061469, FBgn0261577, FBgn0015380, FBgn0015380, FBgn0015380
DOID:906	peroxisomal disease	peroxisomal disorder			FBgn0035876, FBgn0035233, FBgn0035233, FBgn0033812
DOID:9119	acute myeloid leukemia	AML - acute Myeloid Leukemia, Leukemia, Myelocytic, acute, acute myeloblastic leukemia, acute myelogenous leukemia	601626, 602439		FBgn0016670, FBgn0040078, FBgn0040078, FBgn0084482, FBgn0084482, FBgn0025866, FBgn0025866, FBgn0003091, FBgn0038197, FBgn0011766, FBgn0086906, FBgn0013753, FBgn0000261, FBgn0011286, FBgn0016797, FBgn0010213, FBgn0265016, FBgn0015381, FBgn0263995, FBgn0028744, FBgn0010622, FBgn0019637, FBgn0000546, FBgn0000546, FBgn0000546, FBgn0000546, FBgn0265014, FBgn0001085, FBgn0010379, FBgn0010379, FBgn0001325, FBgn0265015, FBgn0016687, FBgn0016687, FBgn0022764, FBgn0022764, FBgn0022764, FBgn0010453, FBgn0010453, FBgn0002775, FBgn0002775
DOID:9120	amyloidosis	amyloid disease			FBgn0266017, FBgn0266017, FBgn0264322, FBgn0264322, FBgn0025587, FBgn0025587, FBgn0025587, FBgn0010812, FBgn0025823, FBgn0025823, FBgn0267360, FBgn0267360, FBgn0267360, FBgn0267360, FBgn0267360, FBgn0267360
DOID:9255	frontotemporal dementia	Wilhemsen-Lynch disease, frontotemporal lobar degeneration, multiple system tauopathy with presenile dementia, pallidopontonigral degeneration	600274, 600795		FBgn0262518, FBgn0262518, FBgn0262518, FBgn0261513, FBgn0267251, FBgn0267251, FBgn0267251, FBgn0015394, FBgn0263319, FBgn0029163, FBgn0022361, FBgn0267251, FBgn0268002, FBgn0267251, FBgn0267251, FBgn0267251, FBgn0268004, FBgn0268005, FBgn0268005, FBgn0268006, FBgn0268006, FBgn0025790, FBgn0261084, FBgn0261084, FBgn0025790, FBgn0025790
DOID:9256	colorectal cancer		114500, 608812, 611469, 612229, 612230, 612231, 612232, 612589, 612590, 612591, 612592, 615083		FBgn0264959, FBgn0262733, FBgn0016917, FBgn0043903, FBgn0003731, FBgn0003731, FBgn0003731, FBgn0003205, FBgn0003205, FBgn0259684, FBgn0026598, FBgn0026598, FBgn0015589, FBgn0085432
DOID:934	viral infectious disease	Viral Infection, Viral disease, Viral disease (disorder), Viral infection NOS, Viral infection NOS (disorder), Viral infection, unspecified (disorder), Viral: [infection NOS] or [illness], arbovirus infectious disease, arthropod-borne viruses, virus infection			FBgn0084074, FBgn0267670, FBgn0084074, FBgn0040372, FBgn0040372, FBgn0043903, FBgn0084074, FBgn0084074, FBgn0025790, FBgn0085408, FBgn0023172, FBgn0267727, FBgn0023081, FBgn0000308, FBgn0035073, FBgn0032821, FBgn0263144, FBgn0264855, FBgn0040064, FBgn0020620, FBgn0010488, FBgn0262743, FBgn0013764, FBgn0031952, FBgn0262114, FBgn0020618, FBgn0041789, FBgn0020307, FBgn0008635, FBgn0020238, FBgn0261983, FBgn0002431, FBgn0263289, FBgn0015799, FBgn0010316, FBgn0024248, FBgn0000150, FBgn0021796, FBgn0021796, FBgn0003205, FBgn0011706, FBgn0039044, FBgn0001624, FBgn0041171, FBgn0014010, FBgn0014010, FBgn0086384, FBgn0283499, FBgn0011766, FBgn0262081, FBgn0010300, FBgn0010300, FBgn0004907, FBgn0004907, FBgn0267670, FBgn0035770, FBgn0029996, FBgn0035813, FBgn0021796, FBgn0021796, FBgn0259153, FBgn0259153, FBgn0259153, FBgn0259154, FBgn0283486, FBgn0283487, FBgn0283488, FBgn0260988
DOID:9352	type 2 diabetes mellitus	NIDDM, non-insulin-dependent diabetes mellitus, type II diabetes mellitus	125853, 601283, 601407, 603694, 608036		FBgn0024291, FBgn0038852, FBgn0283499, FBgn0283499, FBgn0283499, FBgn0024248, FBgn0015279, FBgn0015279, FBgn0015279, FBgn0010379, FBgn0010379, FBgn0041191, FBgn0041191, FBgn0041191, FBgn0283472, FBgn0283472, FBgn0029939, FBgn0039039
DOID:9452	fatty liver disease	Fatty change of liver, Steatosis of liver (disorder), alcoholic fatty liver, hepatic lipidosis			FBgn0028479, FBgn0025352
DOID:9562	primary ciliary dyskinesia	ciliary motility disorder, immotile ciliary syndrome	244400, 606763, 608644, 608646, 608647, 610852, 611884, 612274, 612444, 612518, 612649, 612650, 613193, 613807, 613808, 614017, 614679, 614874, 614935, 615067, 615294, 615444, 615451, 615481, 615482, 615500, 615504, 615505, 615872, 616037, 616369, 616481		FBgn0266709, FBgn0051320
DOID:9870	galactosemia	Galactosaemia, Galactose intolerance	230350, 230400		FBgn0035147, FBgn0035147, FBgn0263200, FBgn0263200, FBgn0263200, FBgn0263200, FBgn0262831, FBgn0035147, FBgn0035147, FBgn0263200
DOID:9884	muscular dystrophy		158800, 159050, 309930, 309950, 310000, 310095, 600416		FBgn0025391, FBgn0010397, FBgn0025800, FBgn0011648, FBgn0011655, FBgn0011655, FBgn0011655, FBgn0034072, FBgn0034072, FBgn0034072, FBgn0034072, FBgn0260003, FBgn0260003, FBgn0260003, FBgn0260003, FBgn0260003, FBgn0034072, FBgn0034072, FBgn0034072, FBgn0034072, FBgn0261458, FBgn0261458, FBgn0000307, FBgn0000307, FBgn0015754, FBgn0015754, FBgn0020391, FBgn0266084, FBgn0266084, FBgn0010395, FBgn0033059, FBgn0265487, FBgn0000253, FBgn0020618, FBgn0020618, FBgn0020618, FBgn0264006, FBgn0031879, FBgn0031879, FBgn0250906, FBgn0022960, FBgn0022960, FBgn0010470, FBgn0034070, FBgn0265356
DOID:9970	obesity		601665		FBgn0029903, FBgn0263259, FBgn0000057, FBgn0039114, FBgn0039114, FBgn0036449, FBgn0036449, FBgn0000273, FBgn0039114, FBgn0025595, FBgn0010051, FBgn0036046, FBgn0015279, FBgn0000229
